NAME_KURZ,terrace
03ba_ODM,"7380"
03bb_ODG,"9074"
03bb_ODG,"8957"
03bb_ODG,"9392"
03ba_ODM,"9585"
06a_HDS_Donau_Biber_1800_780_ka,"1283"
03ba_ODM,"8687"
03bb_ODG,"7439"
03ba_ODM,"8722"
03bb_ODG,"8931"
03ba_ODM,"8445"
03b_OSDS_undiff_1800_780_ka,"7577"
03bb_ODG,"9143"
03ba_ODM,"7392"
03ba_ODM,"8021"
03bb_ODG,"9717"
10a_Hoehenschotter,"10465"
03bb_ODG,"8905"
03ba_ODM,"9048"
03ba_ODM,"8182"
03ba_ODM,"9787"
03c_TDS_Mindel_Guenz_1800_780_ka,"1207"
03bb_ODG,"9223"
03ba_ODM,"9189"
03bb_ODG,"8879"
10a_Hoehenschotter,"10099"
03bb_ODG,"8652"
03c_TDS_Mindel_Guenz_1800_780_ka,"6963"
03ba_ODM,"8693"
03bb_ODG,"8758"
03ba_ODM,"9821"
03c_TDS_Mindel_Guenz_1800_780_ka,"1220"
06a_HDS_Donau_Biber_1800_780_ka,"1267"
03ba_ODM,"8768"
03ba_ODM,"7934"
03bc_ODD,"9325"
03ba_ODM,"9558"
03ba_ODM,"8091"
03bb_ODG,"9200"
03bb_ODG,"9306"
03ba_ODM,"8826"
03c_TDS_Mindel_Guenz_1800_780_ka,"18829"
03c_TDS_Mindel_Guenz_1800_780_ka,"1258"
10a_Hoehenschotter,"9829"
03ba_ODM,"9102"
03ba_ODM,"9252"
03ba_ODM,"7785"
03ba_ODM,"8967"
03ba_ODM,"9544"
06a_HDS_Donau_Biber_1800_780_ka,"1290"
03ba_ODM,"8235"
03ba_ODM,"8860"
03ba_ODM,"7361"
03ba_ODM,"7946"
03bb_ODG,"9057"
03bb_ODG,"9375"
03ba_ODM,"7522"
03ba_ODM,"8151"
03bb_ODG,"8819"
03c_TDS_Mindel_Guenz_1800_780_ka,"1174"
03bb_ODG,"9148"
03ba_ODM,"8719"
03ba_ODM,"7845"
03bb_ODG,"9122"
03c_TDS_Mindel_Guenz_1800_780_ka,"1212"
03bb_ODG,"9228"
03bb_ODG,"9696"
10a_Hoehenschotter,"10237"
03ba_ODM,"9077"
03bb_ODG,"8661"
03bb_ODG,"7410"
03c_TDS_Mindel_Guenz_1800_780_ka,"1229"
06a_HDS_Donau_Biber_1800_780_ka,"1274"
03ba_ODM,"9356"
03ba_ODM,"7921"
10a_Hoehenschotter,"10094"
03ba_ODM,"9221"
10a_Hoehenschotter,"10244"
03bc_ODD,"8843"
03ba_ODM,"8932"
03ba_ODM,"9513"
03c_TDS_Mindel_Guenz_1800_780_ka,"1235"
03bb_ODG,"9315"
03ba_ODM,"7334"
03ba_ODM,"7915"
10a_Hoehenschotter,"10302"
03ba_ODM,"8405"
03ba_ODM,"8990"
03ba_ODM,"8116"
06a_HDS_Donau_Biber_1800_780_ka,"1301"
03bb_ODG,"9501"
03bc_ODD,"9278"
03ba_ODM,"7834"
03ba_ODM,"8399"
03bb_ODG,"9380"
03bb_ODG,"9157"
03ba_ODM,"9747"
03c_TDS_Mindel_Guenz_1800_780_ka,"1183"
03ba_ODM,"8260"
10a_Hoehenschotter,"9864"
03bb_ODG,"9475"
03bc_ODD,"9138"
03ba_ODM,"8417"
03c_TDS_Mindel_Guenz_1800_780_ka,"18756"
03bb_ODG,"9131"
03ba_ODM,"9781"
03c_TDS_Mindel_Guenz_1800_780_ka,"1189"
03ba_ODM,"9492"
03bc_ODD,"9595"
03bb_ODG,"9705"
03ba_ODM,"9207"
03ba_ODM,"7277"
03bb_ODG,"8893"
10a_Hoehenschotter,"10348"
03bc_ODD,"9694"
03ba_ODM,"9775"
03bb_ODG,"9467"
03ba_ODM,"7303"
03ba_ODM,"8509"
03c_TDS_Mindel_Guenz_1800_780_ka,"1240"
03bb_ODG,"8841"
03ba_ODM,"7629"
03ba_ODM,"9270"
03ba_ODM,"8364"
03bb_ODG,"9415"
03bb_ODG,"9627"
03ba_ODM,"8814"
03bb_ODG,"9071"
03ba_ODM,"8521"
03bc_ODD,"9181"
03bb_ODG,"9506"
03ba_ODM,"8390"
03bb_ODG,"10519"
06a_HDS_Donau_Biber_1800_780_ka,"1286"
03ba_ODM,"9461"
03ba_ODM,"7998"
03bb_ODG,"9045"
03ba_ODM,"9282"
10a_Hoehenschotter,"10307"
03ba_ODM,"9005"
03bb_ODG,"9136"
03ba_ODM,"9740"
03c_TDS_Mindel_Guenz_1800_780_ka,"1194"
03bb_ODG,"9242"
03bb_ODG,"9019"
10a_Hoehenschotter,"7730"
03ba_ODM,"8189"
03ba_ODM,"9766"
03c_TDS_Mindel_Guenz_1800_780_ka,"1200"
03ba_ODM,"8924"
03ba_ODM,"7425"
10a_Hoehenschotter,"10496"
03ba_ODM,"8639"
03ba_ODM,"9184"
03bb_ODG,"8649"
03bc_ODD,"9336"
03ba_ODM,"8950"
03ba_ODM,"8044"
03ba_ODM,"8657"
03c_TDS_Mindel_Guenz_1800_780_ka,"1217"
06a_HDS_Donau_Biber_1800_780_ka,"1270"
03ba_ODM,"8783"
03bb_ODG,"8846"
03bb_ODG,"9658"
10a_Hoehenschotter,"10248"
03bb_ODG,"8729"
03ba_ODM,"9565"
03c_TDS_Mindel_Guenz_1800_780_ka,"18822"
03c_TDS_Mindel_Guenz_1800_780_ka,"1255"
03bb_ODG,"9738"
03ba_ODM,"7338"
03ba_ODM,"8512"
03bc_ODD,"9617"
10a_Hoehenschotter,"10274"
03bb_ODG,"8959"
03ba_ODM,"8409"
03bb_ODG,"9394"
06a_HDS_Donau_Biber_1800_780_ka,"1281"
03c_TDS_Mindel_Guenz_1800_780_ka,"1165"
03ba_ODM,"8278"
03ba_ODM,"8685"
10a_Hoehenschotter,"10308"
03bb_ODG,"8933"
03bc_ODD,"9035"
03c_TDS_Mindel_Guenz_1800_780_ka,"1171"
03bb_ODG,"9251"
03bb_ODG,"9719"
03bb_ODG,"8907"
03ba_ODM,"8469"
03ba_ODM,"10517"
03bb_ODG,"8786"
03c_TDS_Mindel_Guenz_1800_780_ka,"1209"
03ba_ODM,"8290"
03bb_ODG,"8998"
03bb_ODG,"9693"
10a_Hoehenschotter,"10234"
03bb_ODG,"9093"
03ba_ODM,"9811"
03bb_ODG,"9667"
03c_TDS_Mindel_Guenz_1800_780_ka,"1222"
06a_HDS_Donau_Biber_1800_780_ka,"1265"
03ba_ODM,"8221"
03ba_ODM,"10529"
03ba_ODM,"9695"
03bb_ODG,"9429"
03c_TDS_Mindel_Guenz_1800_780_ka,"1260"
03ba_ODM,"8824"
03ba_ODM,"7341"
03bb_ODG,"9085"
03ba_ODM,"8539"
10a_Hoehenschotter,"6640"
03ba_ODM,"9274"
03ba_ODM,"7791"
03ba_ODM,"8400"
03ba_ODM,"9713"
03c_TDS_Mindel_Guenz_1800_780_ka,"18837"
06a_HDS_Donau_Biber_1800_780_ka,"1288"
03ba_ODM,"7367"
03bb_ODG,"8938"
03bb_ODG,"7329"
06a_HDS_Donau_Biber_1800_780_ka,"18828"
03bb_ODG,"9150"
03ba_ODM,"9758"
03c_TDS_Mindel_Guenz_1800_780_ka,"1176"
03ba_ODM,"8259"
03bb_ODG,"7676"
03bb_ODG,"9724"
03bc_ODD,"9241"
03bb_ODG,"8912"
03bb_ODG,"9351"
10a_Hoehenschotter,"10359"
03ba_ODM,"9626"
03bb_ODG,"9124"
03c_TDS_Mindel_Guenz_1800_780_ka,"1214"
03ba_ODM,"7443"
03bb_ODG,"9007"
03ba_ODM,"8585"
03ba_ODM,"9202"
10a_Hoehenschotter,"10345"
03bb_ODG,"9581"
03bb_ODG,"8663"
03ba_ODM,"8351"
03bc_ODD,"9562"
03bb_ODG,"8981"
03c_TDS_Mindel_Guenz_1800_780_ka,"1231"
06a_HDS_Donau_Biber_1800_780_ka,"1272"
03ba_ODM,"8793"
03ba_ODM,"7927"
10a_Hoehenschotter,"8218"
03ba_ODM,"7756"
03bb_ODG,"9434"
03bb_ODG,"9646"
03c_TDS_Mindel_Guenz_1800_780_ka,"1237"
03bb_ODG,"9317"
03ba_ODM,"7332"
10a_Hoehenschotter,"10405"
03bb_ODG,"9529"
03ba_ODM,"9277"
03bb_ODG,"8717"
03bb_ODG,"9408"
03ba_ODM,"9537"
06a_HDS_Donau_Biber_1800_780_ka,"1299"
03ba_ODM,"8853"
03ba_ODM,"9438"
03ba_ODM,"8564"
03ba_ODM,"9303"
03bb_ODG,"8947"
03c_TDS_Mindel_Guenz_1800_780_ka,"18848"
03bb_ODG,"9265"
03ba_ODM,"7408"
03bb_ODG,"9038"
03ba_ODM,"8558"
03bb_ODG,"9477"
10a_Hoehenschotter,"10312"
03bb_ODG,"9133"
03bb_ODG,"8800"
03c_TDS_Mindel_Guenz_1800_780_ka,"7335"
03c_TDS_Mindel_Guenz_1800_780_ka,"1191"
03bb_ODG,"9707"
03ba_ODM,"7267"
03bb_ODG,"8668"
03ba_ODM,"8634"
10a_Hoehenschotter,"7761"
10a_Hoehenschotter,"10372"
03bb_ODG,"9560"
10a_Hoehenschotter,"8616"
03ba_ODM,"9641"
03ba_ODM,"8328"
03bb_ODG,"8960"
03bb_ODG,"9655"
03c_TDS_Mindel_Guenz_1800_780_ka,"1242"
03bb_ODG,"9322"
06a_HDS_Donau_Biber_1800_780_ka,"6002"
03ba_ODM,"9268"
03ba_ODM,"8354"
03ba_ODM,"8983"
03bb_ODG,"9417"
03c_TDS_Mindel_Guenz_1800_780_ka,"1248"
03ba_ODM,"8251"
03ba_ODM,"9425"
10a_Hoehenschotter,"9837"
03bb_ODG,"9508"
03bb_ODG,"8952"
03ba_ODM,"8388"
06a_HDS_Donau_Biber_1800_780_ka,"1284"
03ba_ODM,"7371"
03ba_ODM,"9419"
03bb_ODG,"7434"
03c_TDS_Mindel_Guenz_1800_780_ka,"6001"
03bb_ODG,"7317"
03bb_ODG,"9365"
03bb_ODG,"8809"
03c_TDS_Mindel_Guenz_1800_780_ka,"1196"
03bb_ODG,"9244"
03bb_ODG,"9021"
03bb_ODG,"9712"
03ba_ODM,"8753"
10a_Hoehenschotter,"10363"
03bb_ODG,"8900"
03bb_ODG,"7547"
03ba_ODM,"9029"
03ba_ODM,"9764"
03c_TDS_Mindel_Guenz_1800_780_ka,"1202"
03ba_ODM,"7431"
03ba_ODM,"9479"
03ba_ODM,"8637"
03bb_ODG,"9686"
03bb_ODG,"8651"
03bb_ODG,"8757"
03ba_ODM,"8323"
03c_TDS_Mindel_Guenz_1800_780_ka,"1219"
06a_HDS_Donau_Biber_1800_780_ka,"1268"
03ba_ODM,"7350"
03bb_ODG,"8848"
03ba_ODM,"8492"
03bb_ODG,"9543"
03bc_ODD,"8833"
03ba_ODM,"8942"
10a_Hoehenschotter,"9967"
03c_TDS_Mindel_Guenz_1800_780_ka,"1257"
03ba_ODM,"8242"
03ba_ODM,"7336"
03bb_ODG,"9305"
03ba_ODM,"8518"
03ba_ODM,"9099"
03ba_ODM,"9249"
10a_Hoehenschotter,"10272"
03ba_ODM,"8415"
03bb_ODG,"9396"
03ba_ODM,"8126"
06a_HDS_Donau_Biber_1800_780_ka,"1295"
03c_TDS_Mindel_Guenz_1800_780_ka,"1167"
03bb_ODG,"9173"
03ba_ODM,"9410"
03ba_ODM,"7991"
03bb_ODG,"9608"
03bc_ODD,"9154"
03ba_ODM,"8726"
03bb_ODG,"9370"
03b_OSDS_undiff_1800_780_ka,"7557"
03bb_ODG,"9147"
03ba_ODM,"7685"
03ba_ODM,"9733"
03ba_ODM,"7396"
03bb_ODG,"9026"
03bb_ODG,"9721"
03ba_ODM,"9159"
10a_Hoehenschotter,"10364"
03bb_ODG,"8909"
03ba_ODM,"7553"
03bb_ODG,"8682"
03bb_ODG,"9121"
03c_TDS_Mindel_Guenz_1800_780_ka,"1211"
03bb_ODG,"9227"
10a_Hoehenschotter,"8184"
10a_Hoehenschotter,"10232"
03ba_ODM,"7319"
03bb_ODG,"9574"
03ba_ODM,"9659"
03ba_ODM,"8172"
03ba_ODM,"9809"
03ba_ODM,"8911"
03ba_ODM,"9520"
03ba_ODM,"8037"
03c_TDS_Mindel_Guenz_1800_780_ka,"1224"
06a_HDS_Donau_Biber_1800_780_ka,"1279"
03bb_ODG,"7288"
03bb_ODG,"8630"
10a_Hoehenschotter,"10247"
10a_Hoehenschotter,"6730"
03c_TDS_Mindel_Guenz_1800_780_ka,"7271"
03ba_ODM,"8380"
03ba_ODM,"9514"
03bb_ODG,"9204"
03bb_ODG,"9643"
03c_TDS_Mindel_Guenz_1800_780_ka,"1262"
03ba_ODM,"8245"
03bb_ODG,"9310"
03ba_ODM,"9379"
03bb_ODG,"9749"
03ba_ODM,"9090"
10a_Hoehenschotter,"10297"
10a_Hoehenschotter,"6764"
03ba_ODM,"8406"
03b_OSDS_undiff_1800_780_ka,"7588"
03ba_ODM,"9548"
06a_HDS_Donau_Biber_1800_780_ka,"1302"
10a_Hoehenschotter,"10436"
03bb_ODG,"9061"
03bb_ODG,"9496"
10a_Hoehenschotter,"6632"
03bb_ODG,"8940"
03bb_ODG,"9152"
03ba_ODM,"7708"
03c_TDS_Mindel_Guenz_1800_780_ka,"1178"
03ba_ODM,"7284"
10a_Hoehenschotter,"6840"
03ba_ODM,"7865"
03b_OSDS_undiff_1800_780_ka,"7656"
03ba_ODM,"9047"
03bb_ODG,"9126"
03bb_ODG,"8797"
03c_TDS_Mindel_Guenz_1800_780_ka,"1184"
03bb_ODG,"9353"
03ba_ODM,"9624"
03bb_ODG,"9009"
03ba_ODM,"8591"
03ba_ODM,"9782"
03bb_ODG,"8665"
03bb_ODG,"8771"
03ba_ODM,"9768"
03bb_ODG,"9674"
03ba_ODM,"9684"
03ba_ODM,"9794"
03ba_ODM,"9517"
03c_TDS_Mindel_Guenz_1800_780_ka,"1239"
03bb_ODG,"7362"
06a_HDS_Donau_Biber_1800_780_ka,"1297"
03ba_ODM,"8811"
03bb_ODG,"9728"
03bb_ODG,"9066"
10a_Hoehenschotter,"10461"
03ba_ODM,"8387"
03ba_ODM,"9593"
03ba_ODM,"8098"
03bb_ODG,"8828"
03ba_ODM,"8280"
03bc_ODD,"8930"
03ba_ODM,"7995"
03ba_ODM,"9169"
03bb_ODG,"8923"
03ba_ODM,"9006"
03ba_ODM,"9619"
03bb_ODG,"9135"
03bb_ODG,"8802"
03c_TDS_Mindel_Guenz_1800_780_ka,"1193"
03ba_ODM,"8306"
03ba_ODM,"9737"
03bb_ODG,"9014"
03ba_ODM,"8582"
03bb_ODG,"9709"
10a_Hoehenschotter,"10473"
03ba_ODM,"7850"
03ba_ODM,"9024"
03bb_ODG,"8670"
03ba_ODM,"9653"
03ba_ODM,"9474"
03bb_ODG,"8988"
03ba_ODM,"9197"
10a_Hoehenschotter,"6724"
03bb_ODG,"9657"
03c_TDS_Mindel_Guenz_1800_780_ka,"1244"
03ba_ODM,"7357"
03ba_ODM,"7807"
03ba_ODM,"8352"
06a_HDS_Donau_Biber_1800_780_ka,"1304"
03c_TDS_Mindel_Guenz_1800_780_ka,"1250"
03bb_ODG,"9298"
03ba_ODM,"7383"
03bb_ODG,"9075"
03ba_ODM,"9431"
03bb_ODG,"9510"
10a_Hoehenschotter,"9827"
03ba_ODM,"8975"
03bb_ODG,"9166"
06a_HDS_Donau_Biber_1800_780_ka,"1282"
03bb_ODG,"9605"
03ba_ODM,"8836"
03bb_ODG,"9049"
03c_TDS_Mindel_Guenz_1800_780_ka,"6003"
10a_Hoehenschotter,"10311"
03bb_ODG,"9367"
03bb_ODG,"9140"
03c_TDS_Mindel_Guenz_1800_780_ka,"1198"
03ba_ODM,"8894"
03bc_ODD,"8913"
03ba_ODM,"9443"
03bb_ODG,"9714"
10a_Hoehenschotter,"10466"
03ba_ODM,"7853"
03bb_ODG,"9597"
03bb_ODG,"9114"
03c_TDS_Mindel_Guenz_1800_780_ka,"1204"
03ba_ODM,"8303"
03ba_ODM,"7429"
03bb_ODG,"9688"
03ba_ODM,"7314"
03bb_ODG,"8653"
03c_TDS_Mindel_Guenz_1800_780_ka,"6960"
03bb_ODG,"9088"
03bb_ODG,"9662"
03c_TDS_Mindel_Guenz_1800_780_ka,"1221"
06a_HDS_Donau_Biber_1800_780_ka,"1266"
03ba_ODM,"8222"
03ba_ODM,"7929"
03bb_ODG,"9333"
10a_Hoehenschotter,"10252"
03bb_ODG,"8733"
03bc_ODD,"9753"
03c_TDS_Mindel_Guenz_1800_780_ka,"1259"
03ba_ODM,"8240"
03bb_ODG,"9519"
10a_Hoehenschotter,"6643"
10a_Hoehenschotter,"10278"
03c_TDS_Mindel_Guenz_1800_780_ka,"18684"
03bb_ODG,"9398"
03ba_ODM,"8966"
03c_TDS_Mindel_Guenz_1800_780_ka,"7015"
06a_HDS_Donau_Biber_1800_780_ka,"1293"
03bb_ODG,"9054"
03bb_ODG,"9493"
10a_Hoehenschotter,"10328"
03ba_ODM,"8439"
03ba_ODM,"9016"
03bb_ODG,"9149"
03bb_ODG,"8816"
03c_TDS_Mindel_Guenz_1800_780_ka,"1175"
03bb_ODG,"9028"
03ba_ODM,"8592"
03b_OSDS_undiff_1800_780_ka,"7546"
03ba_ODM,"7283"
03bb_ODG,"8684"
03bb_ODG,"9123"
03c_TDS_Mindel_Guenz_1800_780_ka,"1213"
03bb_ODG,"9229"
03ba_ODM,"9500"
03bb_ODG,"9002"
03ba_ODM,"8586"
03ba_ODM,"9215"
03ba_ODM,"8736"
03bb_ODG,"9697"
03ba_ODM,"7902"
10a_Hoehenschotter,"10238"
03c_TDS_Mindel_Guenz_1800_780_ka,"6969"
03ba_ODM,"9815"
03c_TDS_Mindel_Guenz_1800_780_ka,"1226"
06a_HDS_Donau_Biber_1800_780_ka,"1277"
03ba_ODM,"8209"
03bb_ODG,"8859"
03bb_ODG,"9550"
03ba_ODM,"9683"
03ba_ODM,"9220"
10a_Hoehenschotter,"10245"
03bb_ODG,"9433"
10a_Hoehenschotter,"10537"
03bb_ODG,"9645"
03c_TDS_Mindel_Guenz_1800_780_ka,"1232"
03bb_ODG,"9524"
10a_Hoehenschotter,"10113"
10a_Hoehenschotter,"10303"
03bb_ODG,"9407"
06a_HDS_Donau_Biber_1800_780_ka,"1300"
03bb_ODG,"9063"
03ba_ODM,"8561"
03ba_ODM,"7663"
03ba_ODM,"7813"
03bb_ODG,"7333"
03ba_ODM,"9011"
03ba_ODM,"7698"
03c_TDS_Mindel_Guenz_1800_780_ka,"1180"
03bb_ODG,"8825"
03ba_ODM,"7421"
03ba_ODM,"7974"
03bb_ODG,"7424"
03bb_ODG,"9472"
10a_Hoehenschotter,"9865"
10a_Hoehenschotter,"10315"
03bb_ODG,"8916"
03bc_ODD,"9018"
03bb_ODG,"9128"
03c_TDS_Mindel_Guenz_1800_780_ka,"1186"
03bb_ODG,"9234"
03ba_ODM,"8589"
03bb_ODG,"9702"
10a_Hoehenschotter,"10231"
03bb_ODG,"8890"
03bb_ODG,"8667"
03c_TDS_Mindel_Guenz_1800_780_ka,"6974"
03ba_ODM,"9774"
03ba_ODM,"7433"
03bb_ODG,"9676"
03ba_ODM,"9192"
03ba_ODM,"8508"
03ba_ODM,"8373"
03ba_ODM,"9507"
03c_TDS_Mindel_Guenz_1800_780_ka,"1241"
03bb_ODG,"7273"
03bb_ODG,"8838"
03bb_ODG,"9533"
03ba_ODM,"7802"
03bb_ODG,"8721"
10a_Hoehenschotter,"10001"
10a_Hoehenschotter,"10564"
03c_TDS_Mindel_Guenz_1800_780_ka,"18846"
03bb_ODG,"7576"
03c_TDS_Mindel_Guenz_1800_780_ka,"7423"
03bb_ODG,"9730"
03bc_ODD,"9405"
03ba_ODM,"7943"
03ba_ODM,"8520"
03ba_ODM,"9426"
10a_Hoehenschotter,"10282"
10a_Hoehenschotter,"6813"
03ba_ODM,"8385"
03bb_ODG,"9163"
03ba_ODM,"8286"
03bb_ODG,"9269"
03bb_ODG,"9042"
03ba_ODM,"8728"
10a_Hoehenschotter,"10316"
03bb_ODG,"8925"
03bc_ODD,"9726"
03ba_ODM,"8154"
03bb_ODG,"9137"
03c_TDS_Mindel_Guenz_1800_780_ka,"1195"
03ba_ODM,"8304"
03ba_ODM,"8580"
03bb_ODG,"9711"
03ba_ODM,"7848"
10a_Hoehenschotter,"10055"
03bb_ODG,"9111"
03bb_ODG,"8778"
03c_TDS_Mindel_Guenz_1800_780_ka,"1201"
03ba_ODM,"9761"
03ba_ODM,"8638"
03bb_ODG,"9685"
03ba_ODM,"7321"
03ba_ODM,"9080"
03bb_ODG,"8646"
10a_Hoehenschotter,"9968"
03ba_ODM,"8047"
03bb_ODG,"8964"
03ba_ODM,"8197"
03ba_ODM,"8782"
03ba_ODM,"8489"
03bb_ODG,"8620"
03ba_ODM,"9224"
10a_Hoehenschotter,"6780"
03ba_ODM,"8358"
10a_Hoehenschotter,"9962"
10a_Hoehenschotter,"10249"
03c_TDS_Mindel_Guenz_1800_780_ka,"18716"
03bb_ODG,"9633"
03c_TDS_Mindel_Guenz_1800_780_ka,"1252"
03bb_ODG,"9300"
03ba_ODM,"7381"
03ba_ODM,"7966"
10a_Hoehenschotter,"9825"
03bc_ODD,"9622"
03bb_ODG,"9395"
03ba_ODM,"7542"
03bb_ODG,"10525"
06a_HDS_Donau_Biber_1800_780_ka,"1280"
03bb_ODG,"7559"
03bb_ODG,"9607"
03bb_ODG,"9051"
03bb_ODG,"9486"
03ba_ODM,"9134"
03ba_ODM,"8434"
03bb_ODG,"9142"
10a_Hoehenschotter,"6663"
03c_TDS_Mindel_Guenz_1800_780_ka,"1168"
03bb_ODG,"9248"
03bb_ODG,"9025"
03bb_ODG,"9716"
03bb_ODG,"9599"
03ba_ODM,"10516"
03ba_ODM,"9602"
03ba_ODM,"8183"
03ba_ODM,"7736"
03c_TDS_Mindel_Guenz_1800_780_ka,"1206"
03bb_ODG,"9116"
03ba_ODM,"9784"
03bb_ODG,"8999"
03ba_ODM,"8625"
03ba_ODM,"9210"
10a_Hoehenschotter,"10235"
03c_TDS_Mindel_Guenz_1800_780_ka,"1223"
06a_HDS_Donau_Biber_1800_780_ka,"1264"
03ba_ODM,"7306"
03ba_ODM,"9354"
03ba_ODM,"10528"
03ba_ODM,"9109"
03ba_ODM,"9219"
10a_Hoehenschotter,"6773"
03bc_ODD,"9324"
03c_TDS_Mindel_Guenz_1800_780_ka,"1261"
03ba_ODM,"8246"
03ba_ODM,"7340"
03ba_ODM,"8827"
03bb_ODG,"9082"
03bb_ODG,"9309"
03ba_ODM,"7664"
03ba_ODM,"9253"
03bb_ODG,"9521"
03ba_ODM,"8403"
03bb_ODG,"9400"
03ba_ODM,"9545"
03bc_ODD,"9729"
06a_HDS_Donau_Biber_1800_780_ka,"1291"
03ba_ODM,"8679"
03bb_ODG,"9056"
03bb_ODG,"9374"
03ba_ODM,"9022"
10a_Hoehenschotter,"6680"
03c_TDS_Mindel_Guenz_1800_780_ka,"1177"
03ba_ODM,"8258"
03bb_ODG,"8818"
03ba_ODM,"8887"
03bb_ODG,"9725"
03b_OSDS_undiff_1800_780_ka,"7524"
03bb_ODG,"9125"
03c_TDS_Mindel_Guenz_1800_780_ka,"1215"
03bb_ODG,"9004"
03bb_ODG,"7651"
03bb_ODG,"9699"
03ba_ODM,"8742"
10a_Hoehenschotter,"10236"
03c_TDS_Mindel_Guenz_1800_780_ka,"6971"
03bc_ODD,"9786"
03ba_ODM,"8899"
03bb_ODG,"8978"
03c_TDS_Mindel_Guenz_1800_780_ka,"1228"
06a_HDS_Donau_Biber_1800_780_ka,"1275"
03c_TDS_Mindel_Guenz_1800_780_ka,"7372"
03ba_ODM,"8215"
03ba_ODM,"7633"
03ba_ODM,"7759"
03bb_ODG,"9435"
03ba_ODM,"9807"
03ba_ODM,"9518"
03ba_ODM,"8644"
03c_TDS_Mindel_Guenz_1800_780_ka,"1234"
03bb_ODG,"9314"
03bb_ODG,"8835"
03bb_ODG,"9526"
03ba_ODM,"9094"
10a_Hoehenschotter,"10301"
03bb_ODG,"9182"
06a_HDS_Donau_Biber_1800_780_ka,"1298"
03bb_ODG,"9065"
03ba_ODM,"9302"
03bb_ODG,"8944"
03ba_ODM,"8396"
10a_Hoehenschotter,"10327"
06a_HDS_Donau_Biber_1800_780_ka,"18838"
03bb_ODG,"9156"
03c_TDS_Mindel_Guenz_1800_780_ka,"1182"
03ba_ODM,"7411"
03bb_ODG,"9039"
03bb_ODG,"7426"
10a_Hoehenschotter,"10313"
03ba_ODM,"8422"
03bb_ODG,"8695"
03bb_ODG,"9130"
03ba_ODM,"9628"
03c_TDS_Mindel_Guenz_1800_780_ka,"1188"
03ba_ODM,"8579"
03bb_ODG,"9704"
10a_Hoehenschotter,"10339"
03ba_ODM,"8472"
03ba_ODM,"8187"
03bb_ODG,"9466"
03bb_ODG,"8987"
03bb_ODG,"7630"
03bc_ODD,"8650"
03ba_ODM,"8787"
03ba_ODM,"9348"
10a_Hoehenschotter,"6856"
03ba_ODM,"8498"
03bb_ODG,"8866"
03ba_ODM,"9505"
03bb_ODG,"7604"
03c_TDS_Mindel_Guenz_1800_780_ka,"1243"
03ba_ODM,"8671"
03bb_ODG,"8840"
06a_HDS_Donau_Biber_1800_780_ka,"6005"
03bc_ODD,"9206"
03bb_ODG,"9414"
03c_TDS_Mindel_Guenz_1800_780_ka,"6999"
03ba_ODM,"8076"
03c_TDS_Mindel_Guenz_1800_780_ka,"1249"
03bb_ODG,"9732"
03ba_ODM,"9424"
03ba_ODM,"9700"
03ba_ODM,"8391"
03ba_ODM,"8968"
06a_HDS_Donau_Biber_1800_780_ka,"1287"
03bb_ODG,"7552"
03bb_ODG,"9271"
03ba_ODM,"9283"
03ba_ODM,"8441"
03ba_ODM,"8994"
03ba_ODM,"9623"
03bb_ODG,"9139"
03ba_ODM,"9741"
03c_TDS_Mindel_Guenz_1800_780_ka,"1197"
03ba_ODM,"8891"
03ba_ODM,"7404"
03bb_ODG,"9245"
10a_Hoehenschotter,"7729"
03ba_ODM,"7854"
03ba_ODM,"8467"
03bc_ODD,"9003"
03ba_ODM,"9609"
03bb_ODG,"9113"
03c_TDS_Mindel_Guenz_1800_780_ka,"1203"
03ba_ODM,"8011"
03bb_ODG,"9793"
03bb_ODG,"9566"
03ba_ODM,"9086"
10a_Hoehenschotter,"10111"
03bb_ODG,"8754"
03bb_ODG,"9449"
03ba_ODM,"9528"
03bb_ODG,"9661"
03c_TDS_Mindel_Guenz_1800_780_ka,"1216"
06a_HDS_Donau_Biber_1800_780_ka,"1271"
03ba_ODM,"7345"
03ba_ODM,"8219"
03ba_ODM,"9393"
03bb_ODG,"8622"
03ba_ODM,"9669"
03bb_ODG,"9423"
03c_TDS_Mindel_Guenz_1800_780_ka,"1254"
03ba_ODM,"8513"
03bb_ODG,"9397"
03ba_ODM,"8121"
06a_HDS_Donau_Biber_1800_780_ka,"1294"
03bb_ODG,"7561"
03ba_ODM,"7990"
03bb_ODG,"9488"
10a_Hoehenschotter,"10331"
03bb_ODG,"7323"
03bb_ODG,"8815"
03bb_ODG,"9250"
03c_TDS_Mindel_Guenz_1800_780_ka,"1170"
03bb_ODG,"9718"
03bb_ODG,"8906"
03ba_ODM,"8426"
03bb_ODG,"8789"
03c_TDS_Mindel_Guenz_1800_780_ka,"1208"
03ba_ODM,"8631"
10a_Hoehenschotter,"10233"
03ba_ODM,"7318"
03ba_ODM,"9073"
03c_TDS_Mindel_Guenz_1800_780_ka,"7262"
03bb_ODG,"7618"
03c_TDS_Mindel_Guenz_1800_780_ka,"1225"
06a_HDS_Donau_Biber_1800_780_ka,"1278"
03c_TDS_Mindel_Guenz_1800_780_ka,"7369"
03bc_ODD,"8744"
03ba_ODM,"10534"
03ba_ODM,"8928"
03ba_ODM,"9557"
03ba_ODM,"8094"
03c_TDS_Mindel_Guenz_1800_780_ka,"1263"
03ba_ODM,"8244"
03bb_ODG,"9084"
03ba_ODM,"9101"
03ba_ODM,"9275"
03ba_ODM,"8401"
03ba_ODM,"8986"
03bb_ODG,"9402"
03bb_ODG,"9179"
06a_HDS_Donau_Biber_1800_780_ka,"1289"
03bb_ODG,"9614"
03ba_ODM,"8851"
03ba_ODM,"7364"
03ba_ODM,"9412"
03ba_ODM,"8562"
03bb_ODG,"9376"
03ba_ODM,"7521"
03bb_ODG,"9153"
03c_TDS_Mindel_Guenz_1800_780_ka,"1179"
03ba_ODM,"8885"
03ba_ODM,"8596"
03bb_ODG,"9727"
03ba_ODM,"8706"
03ba_ODM,"7287"
03bb_ODG,"8688"
03bb_ODG,"9127"
03c_TDS_Mindel_Guenz_1800_780_ka,"1185"
03bb_ODG,"9233"
03ba_ODM,"7440"
03ba_ODM,"8590"
03bb_ODG,"9701"
03c_TDS_Mindel_Guenz_1800_780_ka,"6973"
03bb_ODG,"9463"
03ba_ODM,"8063"
03bb_ODG,"8980"
03c_TDS_Mindel_Guenz_1800_780_ka,"1230"
06a_HDS_Donau_Biber_1800_780_ka,"1273"
03ba_ODM,"8798"
03ba_ODM,"9687"
10a_Hoehenschotter,"6732"
03c_TDS_Mindel_Guenz_1800_780_ka,"1236"
03ba_ODM,"9381"
03bb_ODG,"8716"
03ba_ODM,"8075"
06a_HDS_Donau_Biber_1800_780_ka,"1296"
03ba_ODM,"9439"
03ba_ODM,"7936"
03bb_ODG,"9067"
03bb_ODG,"8946"
03bb_ODG,"10515"
03bb_ODG,"8829"
03ba_ODM,"7409"
03bb_ODG,"9041"
03bb_ODG,"9476"
03bc_ODD,"9151"
03ba_ODM,"9168"
03ba_ODM,"9294"
03ba_ODM,"7859"
10a_Hoehenschotter,"10319"
03bc_ODD,"9030"
03bb_ODG,"8697"
03bb_ODG,"9132"
03c_TDS_Mindel_Guenz_1800_780_ka,"1190"
03ba_ODM,"9451"
03bb_ODG,"9015"
03ba_ODM,"8577"
03bb_ODG,"9706"
03ba_ODM,"8767"
03ba_ODM,"7264"
03ba_ODM,"9027"
03ba_ODM,"8185"
03bb_ODG,"9106"
03bb_ODG,"7420"
03bb_ODG,"9468"
03ba_ODM,"8635"
10a_Hoehenschotter,"7760"
03ba_ODM,"10544"
03bc_ODD,"9665"
10a_Hoehenschotter,"6725"
03bb_ODG,"7394"
03ba_ODM,"8329"
03bb_ODG,"9442"
03ba_ODM,"8040"
03ba_ODM,"9511"
03c_TDS_Mindel_Guenz_1800_780_ka,"1245"
03ba_ODM,"7356"
03bb_ODG,"8842"
03bb_ODG,"7489"
03b_OSDS_undiff_1800_780_ka,"7456"
03ba_ODM,"8490"
03ba_ODM,"9119"
03ba_ODM,"9404"
03c_TDS_Mindel_Guenz_1800_780_ka,"1251"
10a_Hoehenschotter,"9836"
03ba_ODM,"9430"
03ba_ODM,"8524"
03ba_ODM,"9263"
06a_HDS_Donau_Biber_1800_780_ka,"1285"
03bb_ODG,"7554"
03ba_ODM,"8681"
03ba_ODM,"9416"
03bb_ODG,"9485"
03ba_ODM,"8732"
10a_Hoehenschotter,"10304"
03bb_ODG,"8929"
03ba_ODM,"8992"
03bb_ODG,"8702"
06a_HDS_Donau_Biber_1800_780_ka,"6962"
03bb_ODG,"9141"
03c_TDS_Mindel_Guenz_1800_780_ka,"1199"
03ba_ODM,"8889"
03bb_ODG,"9247"
03bb_ODG,"9715"
03ba_ODM,"9165"
03ba_ODM,"7291"
03ba_ODM,"8176"
03ba_ODM,"7717"
03c_TDS_Mindel_Guenz_1800_780_ka,"1205"
03ba_ODM,"8915"
03bb_ODG,"9115"
03ba_ODM,"8626"
03ba_ODM,"9191"
03bb_ODG,"9689"
03bb_ODG,"9568"
03ba_ODM,"10507"
03c_TDS_Mindel_Guenz_1800_780_ka,"6961"
03ba_ODM,"8660"
03c_TDS_Mindel_Guenz_1800_780_ka,"1218"
06a_HDS_Donau_Biber_1800_780_ka,"1269"
03bb_ODG,"7282"
03ba_ODM,"8770"
03bb_ODG,"9663"
03ba_ODM,"9110"
03bb_ODG,"8624"
10a_Hoehenschotter,"6768"
03bb_ODG,"8730"
06a_HDS_Donau_Biber_1800_780_ka,"7017"
03ba_ODM,"8069"
03c_TDS_Mindel_Guenz_1800_780_ka,"1256"
03ba_ODM,"8243"
03ba_ODM,"7337"
03ba_ODM,"8804"
03bb_ODG,"9198"
03bb_ODG,"9304"
03bb_ODG,"9516"
03bc_ODD,"9618"
03ba_ODM,"7787"
03bb_ODG,"7351"
03ba_ODM,"8961"
03bb_ODG,"9399"
03c_TDS_Mindel_Guenz_1800_780_ka,"18685"
06a_HDS_Donau_Biber_1800_780_ka,"1292"
03ba_ODM,"8277"
03ba_ODM,"8672"
03ba_ODM,"9411"
03bb_ODG,"9055"
03bb_ODG,"9490"
03bb_ODG,"9611"
03c_TDS_Mindel_Guenz_1800_780_ka,"1166"
03ba_ODM,"8438"
03bb_ODG,"9373"
03bb_ODG,"9146"
03ba_ODM,"7706"
03c_TDS_Mindel_Guenz_1800_780_ka,"1172"
03bb_ODG,"8817"
03ba_ODM,"7397"
03bb_ODG,"9720"
03ba_ODM,"8713"
03ba_ODM,"7558"
03bb_ODG,"8791"
03c_TDS_Mindel_Guenz_1800_780_ka,"1210"
03ba_ODM,"8629"
06a_HDS_Donau_Biber_1800_780_ka,"5906"
03ba_ODM,"9214"
03ba_ODM,"9364"
10a_Hoehenschotter,"10239"
03c_TDS_Mindel_Guenz_1800_780_ka,"6966"
03ba_ODM,"8908"
10a_Hoehenschotter,"9933"
03ba_ODM,"8623"
03c_TDS_Mindel_Guenz_1800_780_ka,"1227"
06a_HDS_Donau_Biber_1800_780_ka,"1276"
03bb_ODG,"9551"
03ba_ODM,"10532"
10a_Hoehenschotter,"10246"
03c_TDS_Mindel_Guenz_1800_780_ka,"7270"
03bb_ODG,"7382"
03ba_ODM,"8381"
03ba_ODM,"8934"
03c_TDS_Mindel_Guenz_1800_780_ka,"1233"
03ba_ODM,"8202"
03bb_ODG,"9313"
03bb_ODG,"9748"
03ba_ODM,"9091"
03c_TDS_Mindel_Guenz_1800_780_ka,"7021"
06a_HDS_Donau_Biber_1800_780_ka,"1303"
03ba_ODM,"8849"
10a_Hoehenschotter,"10459"
03bb_ODG,"7451"
03bb_ODG,"9499"
03ba_ODM,"9710"
03bb_ODG,"8943"
03ba_ODM,"9010"
06a_HDS_Donau_Biber_1800_780_ka,"18827"
03bb_ODG,"9155"
10a_Hoehenschotter,"6684"
03c_TDS_Mindel_Guenz_1800_780_ka,"1181"
03bb_ODG,"8822"
03ba_ODM,"9757"
03bb_ODG,"8917"
03bb_ODG,"9352"
10a_Hoehenschotter,"10069"
03bb_ODG,"8690"
03ba_ODM,"8130"
03bb_ODG,"8796"
03c_TDS_Mindel_Guenz_1800_780_ka,"1187"
03bb_ODG,"9129"
03bb_ODG,"9235"
03bb_ODG,"9008"
03ba_ODM,"8588"
03ba_ODM,"9201"
03ba_ODM,"8762"
03ba_ODM,"7279"
03bb_ODG,"8196"
03bb_ODG,"9703"
03bb_ODG,"8664"
03ba_ODM,"9769"
03ba_ODM,"7432"
03bc_ODD,"9092"
03ba_ODM,"7297"
03bb_ODG,"8865"
03bb_ODG,"7391"
03ba_ODM,"8953"
03c_TDS_Mindel_Guenz_1800_780_ka,"1238"
03bb_ODG,"9318"
03ba_ODM,"7355"
03bb_ODG,"8839"
06a_HDS_Donau_Biber_1800_780_ka,"6006"
03ba_ODM,"7631"
03ba_ODM,"7781"
03bb_ODG,"8718"
03bb_ODG,"9413"
03ba_ODM,"7492"
03bb_ODG,"9292"
10a_Hoehenschotter,"10460"
03ba_ODM,"8384"
03ba_ODM,"9013"
03ba_ODM,"7550"
03ba_ODM,"8099"
03ba_ODM,"7700"
03ba_ODM,"9598"
03ba_ODM,"8834"
03bb_ODG,"7430"
03bc_ODD,"9145"
03ba_ODM,"9174"
10a_Hoehenschotter,"10317"
03bb_ODG,"9361"
03bb_ODG,"8699"
03ba_ODM,"9616"
03ba_ODM,"7694"
03c_TDS_Mindel_Guenz_1800_780_ka,"1192"
03bb_ODG,"9240"
03bb_ODG,"9017"
03bc_ODD,"8680"
03bb_ODG,"9708"
03ba_ODM,"8765"
03ba_ODM,"7851"
03bb_ODG,"8896"
03bb_ODG,"9591"
03bb_ODG,"9108"
10a_Hoehenschotter,"6689"
03bb_ODG,"7422"
03ba_ODM,"9760"
03ba_ODM,"7427"
03bb_ODG,"9682"
03ba_ODM,"9186"
03ba_ODM,"7320"
03ba_ODM,"7885"
03bb_ODG,"8647"
03ba_ODM,"7461"
03c_TDS_Mindel_Guenz_1800_780_ka,"1247"
03ba_ODM,"7346"
03ba_ODM,"7911"
03bb_ODG,"9539"
03ba_ODM,"9117"
06a_HDS_Donau_Biber_1800_780_ka,"18798"
03ba_ODM,"8353"
10a_Hoehenschotter,"9963"
06a_HDS_Donau_Biber_1800_780_ka,"1305"
03bb_ODG,"9301"
